id,url
1,http://ec2-3-108-196-161.ap-south-1.compute.amazonaws.com/profile?id=1
2,http://ec2-3-108-196-161.ap-south-1.compute.amazonaws.com/profile?id=2
3,http://ec2-3-108-196-161.ap-south-1.compute.amazonaws.com/profile?id=3
4,http://ec2-3-108-196-161.ap-south-1.compute.amazonaws.com/profile?id=4
5,http://ec2-3-108-196-161.ap-south-1.compute.amazonaws.com/profile?id=5
6,http://ec2-3-108-196-161.ap-south-1.compute.amazonaws.com/profile?id=6
7,http://ec2-3-108-196-161.ap-south-1.compute.amazonaws.com/profile?id=7
8,http://ec2-3-108-196-161.ap-south-1.compute.amazonaws.com/profile?id=8
9,http://ec2-3-108-196-161.ap-south-1.compute.amazonaws.com/profile?id=9
10,http://ec2-3-108-196-161.ap-south-1.compute.amazonaws.com/profile?id=10
11,http://ec2-3-108-196-161.ap-south-1.compute.amazonaws.com/profile?id=11
12,http://ec2-3-108-196-161.ap-south-1.compute.amazonaws.com/profile?id=12
13,http://ec2-3-108-196-161.ap-south-1.compute.amazonaws.com/profile?id=13
14,http://ec2-3-108-196-161.ap-south-1.compute.amazonaws.com/profile?id=14
15,http://ec2-3-108-196-161.ap-south-1.compute.amazonaws.com/profile?id=15
